<?xml version="1.0" encoding="UTF-8"?>
<application id="Application_ID" version="1.4" xmlns="http://java.sun.com/xml/ns/j2ee" xmlns:xsi="http://www.w3.org/2001/XMLSchema-instance" xsi:schemaLocation="http://java.sun.com/xml/ns/j2ee http://java.sun.com/xml/ns/j2ee/application_1_4.xsd">
	<description>MAXIMO</description>
	<display-name>MAXIMO</display-name>

	<!-- List of Web application modules -->
	<module>
		<web>
			<web-uri>/maximouiweb/webmodule</web-uri>
			<context-root>/maximo</context-root>
		</web>
	</module>
	
	<module>
		<web>
			<web-uri>/mboweb/webmodule</web-uri>
			<context-root>/mbo</context-root>
		</web>
	</module>

	<module>
		<web>
			<web-uri>/meaweb/webmodule</web-uri>
			<context-root>/meaweb</context-root>
		</web>
	</module>

	<module>
		<web>
			<web-uri>/maxrestweb/webmodule</web-uri>
			<context-root>/maxrest</context-root>
		</web>
	</module>

	<!-- List of EJB modules -->
	<module>
		<ejb>/mboejb/ejbmodule</ejb>
	</module>
	

	<!-- List of Java client modules -->
	<module>
		<java>/mbojava/javamodule</java>
	</module>
	
	<!--
	<security-role>
		<description>MAXIMO Application Users</description>
		<role-name>maximouser</role-name>
	</security-role>
	-->
	
</application>
