<?xml version="1.0"?>

<project name="MAXIMO" default="businessObjectsBuild" basedir=".">
	<description>
		This buildfile is used to build the MAXIMO Enterprise Archive File(maximo.ear). 
	</description>
        
	<target name="init" 
	        description="Initializes the directories and file names">
		
		<property name="maximo.basedir" value="${basedir}\..\applications\maximo"/>
		<property name="maximo.properties" value="maximo.properties"/>
		<property name="maximo.deploydir" value="${basedir}\default"/>
		<property name="maximo.deploydir.quickbuildtemp" value="${maximo.deploydir}\quickbuildtemp"/>
		<property name="maximo.businessobjectsjarfile" value="businessobjects.jar"/>
		<property name="maximo.appxmlfile" value="${maximo.basedir}/META-INF/deployment-application.xml"/>
		<property name="maximo.axis2" value="lib/axis2.jar"/>
		<property name="maximo.xmlbeans" value="lib/xmlbeans-2.6.0.jar"/>
		<property name="maximo.jaxen" value=""/>
		<property name="maximo.jaxwsprovider" value="WEB-INF/classes/psdi/iface/webservices/MaxWebServiceProvider.class"/>
		<property name="maximo.jaxwsproviderdyn" value="WEB-INF/classes/psdi/iface/webservices/JAXWSWebServiceProvider.class"/>
		<property name="maximo.properties" value="maximo.properties"/>
		<property name="maximo.propertiesjarfile" value="properties.jar"/>


		<property name="maximo.businessobjectsclasspath" 
			    value="${maximo.propertiesjarfile} lib/ldapbp.jar lib/log4j-1.2.16.jar lib/db2jcc.jar lib/db2jcc_license_cu.jar lib/oraclethin.jar lib/sqljdbc.jar lib/k2client.jar lib/idapi.jar lib/xmlParserAPIs.jar lib/acweb.jar lib/httpclient-4.2.5.jar lib/httpcore-4.2.4.jar lib/httpmime-4.2.5.jar lib/commons-net-1.4.0.jar lib/jsr181.jar lib/remoteaccess.jar lib/platform-model.jar lib/ssh.jar /lib/api-client.jar /lib/api-dep.jar /lib/oal-api.jar /lib/oal-topomgr.jar /lib/oal-common.jar lib/edm-server.jar /lib/api-dl.jar  /lib/maxcom.jar /lib/icu4j.jar /lib/json4j.jar /lib/jviews-chart.jar /lib/jviews-gantt.jar /lib/jviews-diagrammer.jar lib/jviews-framework-lib.jar lib/jhbasic-2.0_05.jar lib/contentloader.jar lib/oslcquery.jar lib/commons-codec.jar lib/oauth.jar lib/commons-httpclient.jar lib/tdb-0.8.7-patched.jar lib/jena-2.6.3-patched.jar lib/slf4j-log4j12-1.6.4.jar lib/slf4j-api-1.6.4.jar lib/iri-0.8.jar lib/sdb-1.3.2.jar lib/xercesImpl-2.7.1.jar lib/gson-2.2.4.jar lib/antisamy-1.5.3.jar lib/batik-1.8.jar lib/batik-css-1.8.jar lib/batik-util-1.8.jar lib/nekohtml-1.9.22.jar lib/sac.jar lib/commons-math3-3.6.1.jar lib/GroupDocs.Conversion.jar lib/poi-3.14-20160307.jar lib/poi-ooxml-3.14-20160307.jar lib/poi-ooxml-schemas-3.14-20160307.jar"/>
		
		<echo>maximo.deploydir=${maximo.deploydir}</echo>
		<echo>maximo.basedir=${maximo.basedir}</echo>

		<mkdir dir="${maximo.deploydir}"/>
		<mkdir dir="${maximo.deploydir.quickbuildtemp}"/>
		
		<move todir="${basedir}\..\applications\maximo\businessobjects\classes\psdi\app\signature\apps" includeemptydirs="false" >
			<fileset dir="${basedir}\..\applications\maximo\businessobjects\classes\psdi\app\signature\apps" >
				<exclude name="*.key"/>
			</fileset>
			<mapper type="glob" from="*.class" to="*.key"/>
		</move>		
		
	</target>

	<target name="propertiesBuild" 
	        depends="init" 
	        description="Builds the MAXIMO properties Archive File (properties.jar) file">
	        
		<ant antfile="ui-schema-generator.xml" dir="${maximo.basedir}/properties" inheritAll="false" target="all" />

		<echo>properties.jar file=${maximo.deploydir.quickbuildtemp}/${maximo.propertiesjarfile}</echo>
		<copy todir="${maximo.deploydir.quickbuildtemp}/properties" >
			<fileset dir="${maximo.basedir}/properties">
				<include name="**/*.*"/>
                <exclude name="version/*.*"/>
			</fileset>
		</copy>
		<jar destfile="${maximo.deploydir.quickbuildtemp}/${maximo.propertiesjarfile}" 
			 index="true">
			<fileset dir="${maximo.deploydir.quickbuildtemp}/properties">
				<include name="**/*.*"/>
			</fileset>
  		</jar>
	</target>

	<target name="businessObjectsBuild" 
	        depends="init, propertiesBuild" 
	        description="Builds the MAXIMO Business Objects Archive File (businessobjects.jar) file">
	        
		<echo>businessobjects.jar file=${maximo.deploydir.quickbuildtemp}/${maximo.businessobjectsjarfile}</echo>
				 

		<mkdir dir="${maximo.deploydir.quickbuildtemp}/importreports"/>
		<delete>
			<fileset dir="${maximo.deploydir.quickbuildtemp}/importreports">
				<include name="reports.zip"/>
			</fileset>
		</delete>

		<zip destfile="${maximo.deploydir.quickbuildtemp}/importreports/reports.zip">
			<fileset dir="${maximo.basedir}/../../reports/birt">
				<include name="libraries/**/*.*"/>
				<include name="reports/**/*.*"/>
			</fileset>
		</zip>

		<mkdir dir="${maximo.deploydir.quickbuildtemp}/mxoptimization"/>
		<delete>
			<fileset dir="${maximo.deploydir.quickbuildtemp}/mxoptimization">
				<include name="mxoptimization.zip"/>
			</fileset>
		</delete>

		<zip destfile="${maximo.deploydir.quickbuildtemp}/mxoptimization/mxoptimization.zip">
			<fileset dir="${maximo.basedir}/optimization">
				<include name="**/*.*"/>
				<exclude name="mxodmepackages/*.*"/>
				<exclude name="mxodme/src/**/*.*"/>
			</fileset>
		</zip>
		
		<jar destfile="${maximo.deploydir.quickbuildtemp}/${maximo.businessobjectsjarfile}" 
			 index="true">
			<fileset dir="${maximo.basedir}/businessobjects/classes">
				<include name="**/*.*"/>
			</fileset>
			<fileset dir="${maximo.basedir}/resources">
				<include name="**/*.*"/>
				<exclude name="importreports/*.*"/>
			</fileset>
			<fileset dir="${maximo.deploydir.quickbuildtemp}">
				<include name="importreports/reports.zip"/>
			</fileset>
			<fileset dir="${maximo.deploydir.quickbuildtemp}">
				<include name="mxoptimization/mxoptimization.zip"/>
			</fileset>
			<fileset dir="${maximo.basedir}/optimization">
				<include name="mxodmepackages/*.*"/>
			</fileset>
			<manifest>
				<attribute name="Class-Path" value="${maximo.businessobjectsclasspath}"/>
			</manifest>
  		</jar>
	</target>


	

</project>
